Métrica,Valor
Total Registros,21210.0
Edad Media,43.64483734087695
Estancia Media,15.45950023573786
Coste Total,115660390.0
Coste Medio,5453.106553512494
